storeNumber,area,description,type,paymeKassaId,sortKey
1/1,14.96,озик - овкат ва ноозик-овкат,SHOP,68b142e5b8dc9a4fcc7e5b29,1
1/3,14.96,озик - овкат ва ноозик-овкат,SHOP,68b142e5b8dc9a4fcc7e5b30,2
1/4,14.96,озик - овкат ва ноозик-овкат,SHOP,68b142e5b8dc9a4fcc7e5b31,3
1/7,14.96,озик - овкат ва ноозик-овкат,SHOP,68b142e5b8dc9a4fcc7e5b32,4
1/8,14.96,озик - овкат ва ноозик-овкат,SHOP,68b142e5b8dc9a4fcc7e5b33,5
1/9,14.96,озик - овкат ва ноозик-овкат,SHOP,68b142e5b8dc9a4fcc7e5b34,6
1/13,14.96,озик - овкат ва ноозик-овкат,SHOP,68b142e5b8dc9a4fcc7e5b35,7
1/15,14.96,озик - овкат ва ноозик-овкат,SHOP,68b142e5b8dc9a4fcc7e5b36,8
2/9,14.96,озик - овкат ва ноозик-овкат,SHOP,68b142e5b8dc9a4fcc7e5b37,9
2/16,14.96,озик - овкат ва ноозик-овкат,SHOP,68b142e5b8dc9a4fcc7e5b38,10
3/13,9,озик - овкат ва ноозик-овкат,SHOP,68b142e5b8dc9a4fcc7e5b39,11
3/14,9,озик - овкат ва ноозик-овкат,SHOP,68b142e5b8dc9a4fcc7e5b40,12
3/21,9,озик - овкат ва ноозик-овкат,SHOP,68b142e5b8dc9a4fcc7e5b41,13
4/12,9,озик - овкат ва ноозик-овкат,SHOP,68b142e5b8dc9a4fcc7e5b42,14
4/14,9,озик - овкат ва ноозик-овкат,SHOP,68b142e5b8dc9a4fcc7e5b43,15
4/16,9,озик - овкат ва ноозик-овкат,SHOP,68b142e5b8dc9a4fcc7e5b44,16
4/17,9,озик - овкат ва ноозик-овкат,SHOP,68b142e5b8dc9a4fcc7e5b45,17
4/24,9,озик - овкат ва ноозик-овкат,SHOP,68b142e5b8dc9a4fcc7e5b46,18
5/2,9,озик - овкат ва ноозик-овкат,SHOP,68b142e5b8dc9a4fcc7e5b47,19
5/3,9,озик - овкат ва ноозик-овкат,SHOP,68b142e5b8dc9a4fcc7e5b48,20
5/7,9,озик - овкат ва ноозик-овкат,SHOP,68b142e5b8dc9a4fcc7e5b49,21
5/9,9,озик - овкат ва ноозик-овкат,SHOP,68b142e5b8dc9a4fcc7e5b50,22
5/18,13.5,озик - овкат ва ноозик-овкат,SHOP,68b142e5b8dc9a4fcc7e5b51,23
5/24,16.75,озик - овкат ва ноозик-овкат,SHOP,68b142e5b8dc9a4fcc7e5b52,24
6/1,4.6,озик - овкат ва ноозик-овкат,SHOP,68b142e5b8dc9a4fcc7e5b53,25
6/16,9.2,озик - овкат ва ноозик-овкат,SHOP,68b142e5b8dc9a4fcc7e5b54,26
6/16a,9.2,озик - овкат ва ноозик-овкат,SHOP,68b142e5b8dc9a4fcc7e5b55,27
6/17,9.2,озик - овкат ва ноозик-овкат,SHOP,68b142e5b8dc9a4fcc7e5b56,28
6/18,4.6,озик - овкат ва ноозик-овкат,SHOP,68b142e5b8dc9a4fcc7e5b57,29
6/19,4.6,озик - овкат ва ноозик-овкат,SHOP,68b142e5b8dc9a4fcc7e5b58,30
6/20,4.6,озик - овкат ва ноозик-овкат,SHOP,68b142e5b8dc9a4fcc7e5b59,31
6/22,4.6,озик - овкат ва ноозик-овкат,SHOP,68b142e5b8dc9a4fcc7e5b60,32
6/23,4.6,озик - овкат ва ноозик-овкат,SHOP,68b142e5b8dc9a4fcc7e5b61,33
6/24,4.6,озик - овкат ва ноозик-овкат,SHOP,68b142e5b8dc9a4fcc7e5b62,34
6/25,4.6,озик - овкат ва ноозик-овкат,SHOP,68b142e5b8dc9a4fcc7e5b63,35
6/26,4.6,озик - овкат ва ноозик-овкат,SHOP,68b142e5b8dc9a4fcc7e5b64,36
6/27,4.6,озик - овкат ва ноозик-овкат,SHOP,68b142e5b8dc9a4fcc7e5b65,37
6/28,9.2,озик - овкат ва ноозик-овкат,SHOP,68b142e5b8dc9a4fcc7e5b66,38
6/29,9.2,озик - овкат ва ноозик-овкат,SHOP,68b142e5b8dc9a4fcc7e5b67,39
7/1,4.6,озик - овкат ва ноозик-овкат,SHOP,68b142e5b8dc9a4fcc7e5b68,40
7/2,4.6,озик - овкат ва ноозик-овкат,SHOP,68b142e5b8dc9a4fcc7e5b69,41
7/3,9.2,озик - овкат ва ноозик-овкат,SHOP,68b142e5b8dc9a4fcc7e5b70,42
7/6,9.2,озик - овкат ва ноозик-овкат,SHOP,68b142e5b8dc9a4fcc7e5b71,43
7/7,9.2,озик - овкат ва ноозик-овкат,SHOP,68b142e5b8dc9a4fcc7e5b72,44
7/8,4.6,озик - овкат ва ноозик-овкат,SHOP,68b142e5b8dc9a4fcc7e5b73,45
7/9,9.2,озик - овкат ва ноозик-овкат,SHOP,68b142e5b8dc9a4fcc7e5b74,46
7/10,4.6,озик - овкат ва ноозик-овкат,SHOP,68b142e5b8dc9a4fcc7e5b75,47
7/11,4.6,озик - овкат ва ноозик-овкат,SHOP,68b142e5b8dc9a4fcc7e5b76,48
7/12,9.2,озик - овкат ва ноозик-овкат,SHOP,68b142e5b8dc9a4fcc7e5b77,49
7/13,9.2,озик - овкат ва ноозик-овкат,SHOP,68b142e5b8dc9a4fcc7e5b78,50
7/13a,9.2,озик - овкат ва ноозик-овкат,SHOP,68b142e5b8dc9a4fcc7e5b79,51
7/14,9.2,озик - овкат ва ноозик-овкат,SHOP,68b142e5b8dc9a4fcc7e5b80,52
7/16,4.6,озик - овкат ва ноозик-овкат,SHOP,68b142e5b8dc9a4fcc7e5b81,53
7/16a,4.6,озик - овкат ва ноозик-овкат,SHOP,68b142e5b8dc9a4fcc7e5b82,54
7/17,4.6,озик - овкат ва ноозик-овкат,SHOP,68b142e5b8dc9a4fcc7e5b83,55
7/18,4.6,озик - овкат ва ноозик-овкат,SHOP,68b142e5b8dc9a4fcc7e5b84,56
7/19,4.6,озик - овкат ва ноозик-овкат,SHOP,68b142e5b8dc9a4fcc7e5b85,57
7/20,4.6,озик - овкат ва ноозик-овкат,SHOP,68b142e5b8dc9a4fcc7e5b86,58
7/21,4.6,озик - овкат ва ноозик-овкат,SHOP,68b142e5b8dc9a4fcc7e5b87,59
8/1,13.5,озик - овкат ва ноозик-овкат,SHOP,68b142e5b8dc9a4fcc7e5b88,60
8/3,9,озик - овкат ва ноозик-овкат,SHOP,68b142e5b8dc9a4fcc7e5b89,61
8/4,9,озик - овкат ва ноозик-овкат,SHOP,68b142e5b8dc9a4fcc7e5b90,62
8/6,9,озик - овкат ва ноозик-овкат,SHOP,68b142e5b8dc9a4fcc7e5b91,63
8/9,9,озик - овкат ва ноозик-овкат,SHOP,68b142e5b8dc9a4fcc7e5b92,64
9/1,15.8,озик - овкат ва ноозик-овкат,SHOP,68b142e5b8dc9a4fcc7e5b93,65
9/2,15.8,озик - овкат ва ноозик-овкат,SHOP,68b142e5b8dc9a4fcc7e5b94,66
9/3,15.8,озик - овкат ва ноозик-овкат,SHOP,68b142e5b8dc9a4fcc7e5b95,67
9/6,15.8,озик - овкат ва ноозик-овкат,SHOP,68b142e5b8dc9a4fcc7e5b96,68
9/7,15.8,озик - овкат ва ноозик-овкат,SHOP,68b142e5b8dc9a4fcc7e5b97,69
9/10,15.8,озик - овкат ва ноозик-овкат,SHOP,68b142e5b8dc9a4fcc7e5b98,70
9/11,15.8,озик - овкат ва ноозик-овкат,SHOP,68b142e5b8dc9a4fcc7e5b99,71
9/12,15.8,озик - овкат ва ноозик-овкат,SHOP,68b142e5b8dc9a4fcc7e5b100,72
10/1,15.75,озик - овкат ва ноозик-овкат,SHOP,68b142e5b8dc9a4fcc7e5b101,73
10/3,14.96,озик - овкат ва ноозик-овкат,SHOP,68b142e5b8dc9a4fcc7e5b102,74
10/4,14.96,озик - овкат ва ноозик-овкат,SHOP,68b142e5b8dc9a4fcc7e5b103,75
10/6,14.96,озик - овкат ва ноозик-овкат,SHOP,68b142e5b8dc9a4fcc7e5b104,76
10/8,14.96,озик - овкат ва ноозик-овкат,SHOP,68b142e5b8dc9a4fcc7e5b105,77
10/11,14.96,озик - овкат ва ноозик-овкат,SHOP,68b142e5b8dc9a4fcc7e5b106,78
10/12,14.96,озик - овкат ва ноозик-овкат,SHOP,68b142e5b8dc9a4fcc7e5b107,79
11/3,11,озик - овкат ва ноозик-овкат,SHOP,68b142e5b8dc9a4fcc7e5b108,80
11/4a,5.5,озик - овкат ва ноозик-овкат,SHOP,68b142e5b8dc9a4fcc7e5b109,81
11/5,5.5,озик - овкат ва ноозик-овкат,SHOP,68b142e5b8dc9a4fcc7e5b110,82
11/6,11,озик - овкат ва ноозик-овкат,SHOP,68b142e5b8dc9a4fcc7e5b111,83
11/7,11,озик - овкат ва ноозик-овкат,SHOP,68b142e5b8dc9a4fcc7e5b112,84
11/10,11,озик - овкат ва ноозик-овкат,SHOP,68b142e5b8dc9a4fcc7e5b113,85
11/11,11,озик - овкат ва ноозик-овкат,SHOP,68b142e5b8dc9a4fcc7e5b114,86
11/12,11,озик - овкат ва ноозик-овкат,SHOP,68b142e5b8dc9a4fcc7e5b115,87
11/13,5.5,озик - овкат ва ноозик-овкат,SHOP,68b142e5b8dc9a4fcc7e5b116,88
11/15,11,озик - овкат ва ноозик-овкат,SHOP,68b142e5b8dc9a4fcc7e5b117,89
11/16,5.5,озик - овкат ва ноозик-овкат,SHOP,68b142e5b8dc9a4fcc7e5b118,90
11/16a,5.5,озик - овкат ва ноозик-овкат,SHOP,68b142e5b8dc9a4fcc7e5b119,91
12/3,5.5,озик - овкат ва ноозик-овкат,SHOP,68b142e5b8dc9a4fcc7e5b120,92
12/4,11,озик - овкат ва ноозик-овкат,SHOP,68b142e5b8dc9a4fcc7e5b121,93
12/5,11,озик - овкат ва ноозик-овкат,SHOP,68b142e5b8dc9a4fcc7e5b122,94
12/9,11,озик - овкат ва ноозик-овкат,SHOP,68b142e5b8dc9a4fcc7e5b123,95
12/10a,5.5,озик - овкат ва ноозик-овкат,SHOP,68b142e5b8dc9a4fcc7e5b124,96
12/12,11,озик - овкат ва ноозик-овкат,SHOP,68b142e5b8dc9a4fcc7e5b125,97
12/14,11,озик - овкат ва ноозик-овкат,SHOP,68b142e5b8dc9a4fcc7e5b126,98
13/1,11,озик - овкат ва ноозик-овкат,SHOP,68b142e5b8dc9a4fcc7e5b127,99
13/3,11,озик - овкат ва ноозик-овкат,SHOP,68b142e5b8dc9a4fcc7e5b128,100
13/8,11,озик - овкат ва ноозик-овкат,SHOP,68b142e5b8dc9a4fcc7e5b129,101
13/16,11,озик - овкат ва ноозик-овкат,SHOP,68b142e5b8dc9a4fcc7e5b130,102
14/1,11,озик - овкат ва ноозик-овкат,SHOP,68b142e5b8dc9a4fcc7e5b131,103
14/5,11,озик - овкат ва ноозик-овкат,SHOP,68b142e5b8dc9a4fcc7e5b132,104
14/6,9,озик - овкат ва ноозик-овкат,SHOP,68b142e5b8dc9a4fcc7e5b133,105
14/11,9,озик - овкат ва ноозик-овкат,SHOP,68b142e5b8dc9a4fcc7e5b134,106
14/14,11,озик - овкат ва ноозик-овкат,SHOP,68b142e5b8dc9a4fcc7e5b135,107
15/1,11,озик - овкат ва ноозик-овкат,SHOP,68b142e5b8dc9a4fcc7e5b136,108
15/5,11,озик - овкат ва ноозик-овкат,SHOP,68b142e5b8dc9a4fcc7e5b137,109
15/7,11,озик - овкат ва ноозик-овкат,SHOP,68b142e5b8dc9a4fcc7e5b138,110
15/8,11,озик - овкат ва ноозик-овкат,SHOP,68b142e5b8dc9a4fcc7e5b139,111
15/9,11,озик - овкат ва ноозик-овкат,SHOP,68b142e5b8dc9a4fcc7e5b140,112
15/10,11,озик - овкат ва ноозик-овкат,SHOP,68b142e5b8dc9a4fcc7e5b141,113
15/11,9,озик - овкат ва ноозик-овкат,SHOP,68b142e5b8dc9a4fcc7e5b142,114
15/12,11,озик - овкат ва ноозик-овкат,SHOP,68b142e5b8dc9a4fcc7e5b143,115
15/13,11,озик - овкат ва ноозик-овкат,SHOP,68b142e5b8dc9a4fcc7e5b144,116
16/1,11,озик - овкат ва ноозик-овкат,SHOP,68b142e5b8dc9a4fcc7e5b145,117
16/3,5.5,озик - овкат ва ноозик-овкат,SHOP,68b142e5b8dc9a4fcc7e5b146,118
16/6,9,озик - овкат ва ноозик-овкат,SHOP,68b142e5b8dc9a4fcc7e5b147,119
16/9,11,озик - овкат ва ноозик-овкат,SHOP,68b142e5b8dc9a4fcc7e5b148,120
16/15,11,озик - овкат ва ноозик-овкат,SHOP,68b142e5b8dc9a4fcc7e5b149,121
17/3,15.2,озик - овкат ва ноозик-овкат,SHOP,68b142e5b8dc9a4fcc7e5b150,122
17/4,15.2,озик - овкат ва ноозик-овкат,SHOP,68b142e5b8dc9a4fcc7e5b151,123
17/5,15.2,озик - овкат ва ноозик-овкат,SHOP,68b142e5b8dc9a4fcc7e5b152,124
18/1,9,озик - овкат ва ноозик-овкат,SHOP,68b142e5b8dc9a4fcc7e5b153,125
18/2,9,озик - овкат ва ноозик-овкат,SHOP,68b142e5b8dc9a4fcc7e5b154,126
18/3,9,озик - овкат ва ноозик-овкат,SHOP,68b142e5b8dc9a4fcc7e5b155,127
18/6,9,озик - овкат ва ноозик-овкат,SHOP,68b142e5b8dc9a4fcc7e5b156,128
18/10,4.5,озик - овкат ва ноозик-овкат,SHOP,68b142e5b8dc9a4fcc7e5b157,129
18/12,9,озик - овкат ва ноозик-овкат,SHOP,68b142e5b8dc9a4fcc7e5b158,130
19/1,15.2,озик - овкат ва ноозик-овкат,SHOP,68b142e5b8dc9a4fcc7e5b159,131
19/5,15.2,озик - овкат ва ноозик-овкат,SHOP,68b142e5b8dc9a4fcc7e5b160,132
19/10,15.2,озик - овкат ва ноозик-овкат,SHOP,68b142e5b8dc9a4fcc7e5b161,133
19/12,15.2,озик - овкат ва ноозик-овкат,SHOP,68b142e5b8dc9a4fcc7e5b162,134
19/14,15.2,озик - овкат ва ноозик-овкат,SHOP,68b142e5b8dc9a4fcc7e5b163,135
20/1,15.2,озик - овкат ва ноозик-овкат,SHOP,68b142e5b8dc9a4fcc7e5b164,136
20/3,15.2,озик - овкат ва ноозик-овкат,SHOP,68b142e5b8dc9a4fcc7e5b165,137
20/4,15.2,озик - овкат ва ноозик-овкат,SHOP,68b142e5b8dc9a4fcc7e5b166,138
20/5,15.2,озик - овкат ва ноозик-овкат,SHOP,68b142e5b8dc9a4fcc7e5b167,139
20/6,15.2,озик - овкат ва ноозик-овкат,SHOP,68b142e5b8dc9a4fcc7e5b168,140
20/14,15.2,озик - овкат ва ноозик-овкат,SHOP,68b142e5b8dc9a4fcc7e5b169,141
21/2,9,озик - овкат ва ноозик-овкат,SHOP,68b142e5b8dc9a4fcc7e5b170,142
21/5,9,озик - овкат ва ноозик-овкат,SHOP,68b142e5b8dc9a4fcc7e5b171,143
21/5a,9,озик - овкат ва ноозик-овкат,SHOP,68b142e5b8dc9a4fcc7e5b172,144
21/6,9,озик - овкат ва ноозик-овкат,SHOP,68b142e5b8dc9a4fcc7e5b173,145
21/8,9,озик - овкат ва ноозик-овкат,SHOP,68b142e5b8dc9a4fcc7e5b174,146
21/12,9,озик - овкат ва ноозик-овкат,SHOP,68b142e5b8dc9a4fcc7e5b175,147
21/14,9,озик - овкат ва ноозик-овкат,SHOP,68b142e5b8dc9a4fcc7e5b176,148
21/15,4.5,озик - овкат ва ноозик-овкат,SHOP,68b142e5b8dc9a4fcc7e5b177,149
21/18,4.5,озик - овкат ва ноозик-овкат,SHOP,68b142e5b8dc9a4fcc7e5b178,150
22/1,9,озик - овкат ва ноозик-овкат,SHOP,68b142e5b8dc9a4fcc7e5b179,151
22/5,9,озик - овкат ва ноозик-овкат,SHOP,68b142e5b8dc9a4fcc7e5b180,152
22/7,9,озик - овкат ва ноозик-овкат,SHOP,68b142e5b8dc9a4fcc7e5b181,153
22/8,9,озик - овкат ва ноозик-овкат,SHOP,68b142e5b8dc9a4fcc7e5b182,154
22/9,9,озик - овкат ва ноозик-овкат,SHOP,68b142e5b8dc9a4fcc7e5b183,155
22/10,9,озик - овкат ва ноозик-овкат,SHOP,68b142e5b8dc9a4fcc7e5b184,156
22/11,9,озик - овкат ва ноозик-овкат,SHOP,68b142e5b8dc9a4fcc7e5b185,157
22/12,9,озик - овкат ва ноозик-овкат,SHOP,68b142e5b8dc9a4fcc7e5b186,158
22/13,9,озик - овкат ва ноозик-овкат,SHOP,68b142e5b8dc9a4fcc7e5b187,159
22/14,9,озик - овкат ва ноозик-овкат,SHOP,68b142e5b8dc9a4fcc7e5b188,160
22/15,9,озик - овкат ва ноозик-овкат,SHOP,68b142e5b8dc9a4fcc7e5b189,161
22/16,9,озик - овкат ва ноозик-овкат,SHOP,68b142e5b8dc9a4fcc7e5b190,162
22/17,9,озик - овкат ва ноозик-овкат,SHOP,68b142e5b8dc9a4fcc7e5b191,163
22/20,9,озик - овкат ва ноозик-овкат,SHOP,68b142e5b8dc9a4fcc7e5b192,164
22/21,9,озик - овкат ва ноозик-овкат,SHOP,68b142e5b8dc9a4fcc7e5b193,165
22/22,9,озик - овкат ва ноозик-овкат,SHOP,68b142e5b8dc9a4fcc7e5b194,166
23/1,11,озик - овкат ва ноозик-овкат,SHOP,68b142e5b8dc9a4fcc7e5b195,167
23/2,11,озик - овкат ва ноозик-овкат,SHOP,68b142e5b8dc9a4fcc7e5b196,168
23/3,11,озик - овкат ва ноозик-овкат,SHOP,68b142e5b8dc9a4fcc7e5b197,169
23/4,11,озик - овкат ва ноозик-овкат,SHOP,68b142e5b8dc9a4fcc7e5b198,170
23/5,11,озик - овкат ва ноозик-овкат,SHOP,68b142e5b8dc9a4fcc7e5b199,171
23/6,11,озик - овкат ва ноозик-овкат,SHOP,68b142e5b8dc9a4fcc7e5b200,172
23/8,11,озик - овкат ва ноозик-овкат,SHOP,68b142e5b8dc9a4fcc7e5b201,173
23/14,11,озик - овкат ва ноозик-овкат,SHOP,68b142e5b8dc9a4fcc7e5b202,174
23/15,11,озик - овкат ва ноозик-овкат,SHOP,68b142e5b8dc9a4fcc7e5b203,175
23/16,11,озик - овкат ва ноозик-овкат,SHOP,68b142e5b8dc9a4fcc7e5b204,176
23/17,11,озик - овкат ва ноозик-овкат,SHOP,68b142e5b8dc9a4fcc7e5b205,177
23/18,11,озик - овкат ва ноозик-овкат,SHOP,68b142e5b8dc9a4fcc7e5b206,178
24/1,9,озик - овкат ва ноозик-овкат,SHOP,68b142e5b8dc9a4fcc7e5b207,179
24/2,9,озик - овкат ва ноозик-овкат,SHOP,68b142e5b8dc9a4fcc7e5b208,180
24/3,9,озик - овкат ва ноозик-овкат,SHOP,68b142e5b8dc9a4fcc7e5b209,181
24/4,9,озик - овкат ва ноозик-овкат,SHOP,68b142e5b8dc9a4fcc7e5b210,182
24/5,9,озик - овкат ва ноозик-овкат,SHOP,68b142e5b8dc9a4fcc7e5b211,183
24/6,9,озик - овкат ва ноозик-овкат,SHOP,68b142e5b8dc9a4fcc7e5b212,184
24/9,9,озик - овкат ва ноозик-овкат,SHOP,68b142e5b8dc9a4fcc7e5b213,185
24/10,6,озик - овкат ва ноозик-овкат,SHOP,68b142e5b8dc9a4fcc7e5b214,186
24/11,6,озик - овкат ва ноозик-овкат,SHOP,68b142e5b8dc9a4fcc7e5b215,187
24/12,9,озик - овкат ва ноозик-овкат,SHOP,68b142e5b8dc9a4fcc7e5b216,188
24/13,9,озик - овкат ва ноозик-овкат,SHOP,68b142e5b8dc9a4fcc7e5b217,189
24/15,9,озик - овкат ва ноозик-овкат,SHOP,68b142e5b8dc9a4fcc7e5b218,190
24/16,9,озик - овкат ва ноозик-овкат,SHOP,68b142e5b8dc9a4fcc7e5b219,191
24/17,9,озик - овкат ва ноозик-овкат,SHOP,68b142e5b8dc9a4fcc7e5b220,192
24/18,9,озик - овкат ва ноозик-овкат,SHOP,68b142e5b8dc9a4fcc7e5b221,193
24/19,9,озик - овкат ва ноозик-овкат,SHOP,68b142e5b8dc9a4fcc7e5b222,194
24/20,9,озик - овкат ва ноозик-овкат,SHOP,68b142e5b8dc9a4fcc7e5b223,195
25/2,9,озик - овкат ва ноозик-овкат,SHOP,68b142e5b8dc9a4fcc7e5b224,196
25/3,9,озик - овкат ва ноозик-овкат,SHOP,68b142e5b8dc9a4fcc7e5b225,197
25/4,9,озик - овкат ва ноозик-овкат,SHOP,68b142e5b8dc9a4fcc7e5b226,198
25/5,4.5,озик - овкат ва ноозик-овкат,SHOP,68b142e5b8dc9a4fcc7e5b227,199
25/5a,4.5,озик - овкат ва ноозик-овкат,SHOP,68b142e5b8dc9a4fcc7e5b228,200
25/6,9,озик - овкат ва ноозик-овкат,SHOP,68b142e5b8dc9a4fcc7e5b229,201
25/7,9,озик - овкат ва ноозик-овкат,SHOP,68b142e5b8dc9a4fcc7e5b230,202
25/8,9,озик - овкат ва ноозик-овкат,SHOP,68b142e5b8dc9a4fcc7e5b231,203
25/9,9,озик - овкат ва ноозик-овкат,SHOP,68b142e5b8dc9a4fcc7e5b232,204
25/10,6,озик - овкат ва ноозик-овкат,SHOP,68b142e5b8dc9a4fcc7e5b233,205
25/11,9,озик - овкат ва ноозик-овкат,SHOP,68b142e5b8dc9a4fcc7e5b234,206
25/12,9,озик - овкат ва ноозик-овкат,SHOP,68b142e5b8dc9a4fcc7e5b235,207
25/13,9,озик - овкат ва ноозик-овкат,SHOP,68b142e5b8dc9a4fcc7e5b236,208
25/14,9,озик - овкат ва ноозик-овкат,SHOP,68b142e5b8dc9a4fcc7e5b237,209
25/17,9,озик - овкат ва ноозик-овкат,SHOP,68b142e5b8dc9a4fcc7e5b238,210
25/18,9,озик - овкат ва ноозик-овкат,SHOP,68b142e5b8dc9a4fcc7e5b239,211
26/1,9,озик - овкат ва ноозик-овкат,SHOP,68b142e5b8dc9a4fcc7e5b240,212
26/2,9,озик - овкат ва ноозик-овкат,SHOP,68b142e5b8dc9a4fcc7e5b241,213
26/3,4.5,озик - овкат ва ноозик-овкат,SHOP,68b142e5b8dc9a4fcc7e5b242,214
26/3a,4.5,озик - овкат ва ноозик-овкат,SHOP,68b142e5b8dc9a4fcc7e5b243,215
26/6,9,озик - овкат ва ноозик-овкат,SHOP,68b142e5b8dc9a4fcc7e5b244,216
26/7,9,озик - овкат ва ноозик-овкат,SHOP,68b142e5b8dc9a4fcc7e5b245,217
26/8,9,озик - овкат ва ноозик-овкат,SHOP,68b142e5b8dc9a4fcc7e5b246,218
26/9,9,озик - овкат ва ноозик-овкат,SHOP,68b142e5b8dc9a4fcc7e5b247,219
26/10,6,озик - овкат ва ноозик-овкат,SHOP,68b142e5b8dc9a4fcc7e5b248,220
26/12,9,озик - овкат ва ноозик-овкат,SHOP,68b142e5b8dc9a4fcc7e5b249,221
26/13,9,озик - овкат ва ноозик-овкат,SHOP,68b142e5b8dc9a4fcc7e5b250,222
26/14,4.5,озик - овкат ва ноозик-овкат,SHOP,68b142e5b8dc9a4fcc7e5b251,223
26/14a,4.5,озик - овкат ва ноозик-овкат,SHOP,68b142e5b8dc9a4fcc7e5b252,224
26/15,4.5,озик - овкат ва ноозик-овкат,SHOP,68b142e5b8dc9a4fcc7e5b253,225
26/15a,4.5,озик - овкат ва ноозик-овкат,SHOP,68b142e5b8dc9a4fcc7e5b254,226
26/16,9,озик - овкат ва ноозик-овкат,SHOP,68b142e5b8dc9a4fcc7e5b255,227
26/17,4.5,озик - овкат ва ноозик-овкат,SHOP,68b142e5b8dc9a4fcc7e5b256,228
26/18,9,озик - овкат ва ноозик-овкат,SHOP,68b142e5b8dc9a4fcc7e5b257,229
26/19,9,озик - овкат ва ноозик-овкат,SHOP,68b142e5b8dc9a4fcc7e5b258,230
26/19a,4.5,озик - овкат ва ноозик-овкат,SHOP,68b142e5b8dc9a4fcc7e5b259,231
27/1,15.75,озик - овкат ва ноозик-овкат,SHOP,68b142e5b8dc9a4fcc7e5b260,232
27/2,15.75,озик - овкат ва ноозик-овкат,SHOP,68b142e5b8dc9a4fcc7e5b261,233
28/1,20,озик - овкат ва ноозик-овкат,SHOP,68b142e5b8dc9a4fcc7e5b262,234
28/2,20,озик - овкат ва ноозик-овкат,SHOP,68b142e5b8dc9a4fcc7e5b263,235
28/4,20,озик - овкат ва ноозик-овкат,SHOP,68b142e5b8dc9a4fcc7e5b264,236
28/5,20,озик - овкат ва ноозик-овкат,SHOP,68b142e5b8dc9a4fcc7e5b265,237
28/6,20,озик - овкат ва ноозик-овкат,SHOP,68b142e5b8dc9a4fcc7e5b266,238
28/16,20,озик - овкат ва ноозик-овкат,SHOP,68b142e5b8dc9a4fcc7e5b267,239
29/1,20,озик - овкат ва ноозик-овкат,SHOP,68b142e5b8dc9a4fcc7e5b268,240
29/2,20,озик - овкат ва ноозик-овкат,SHOP,68b142e5b8dc9a4fcc7e5b269,241
29/3,20,озик - овкат ва ноозик-овкат,SHOP,68b142e5b8dc9a4fcc7e5b270,242
29/4,20,озик - овкат ва ноозик-овкат,SHOP,68b142e5b8dc9a4fcc7e5b271,243
29/5,20,озик - овкат ва ноозик-овкат,SHOP,68b142e5b8dc9a4fcc7e5b272,244
29/6,20,озик - овкат ва ноозик-овкат,SHOP,68b142e5b8dc9a4fcc7e5b273,245
29/7,20,озик - овкат ва ноозик-овкат,SHOP,68b142e5b8dc9a4fcc7e5b274,246
30/2,20,озик - овкат ва ноозик-овкат,SHOP,68b142e5b8dc9a4fcc7e5b275,247
31/5,20,озик - овкат ва ноозик-овкат,SHOP,68b142e5b8dc9a4fcc7e5b276,248
31/11,20,озик - овкат ва ноозик-овкат,SHOP,68b142e5b8dc9a4fcc7e5b277,249
31/12,10,озик - овкат ва ноозик-овкат,SHOP,68b142e5b8dc9a4fcc7e5b278,250
31/12a,10,озик - овкат ва ноозик-овкат,SHOP,68b142e5b8dc9a4fcc7e5b279,251
31/13,10,озик - овкат ва ноозик-овкат,SHOP,68b142e5b8dc9a4fcc7e5b280,252
15,16,банкомат,SHOP,68b142e5b8dc9a4fcc7e5b281,253
16,16,банкомат,SHOP,68b142e5b8dc9a4fcc7e5b282,254